year,round_of,winning_team_name,winning_team_seed,winning_team_score,losing_team_name,losing_team_seed,losing_team_score
2017,64,Villanova,1,76,Mount St. Mary's,16,56
2017,64,Wisconsin,8,84,Virginia Tech,9,74
2017,64,Virginia,5,76,UNC Wilmington,12,71
2017,64,Florida,4,80,East Tennessee State,13,65
2017,64,USC,11,66,SMU,6,65
2017,64,Baylor,3,91,New Mexico State,14,73
2017,64,South Carolina,7,93,Marquette,10,73
2017,64,Duke,2,87,Troy,15,65
2017,32,Wisconsin,8,65,Villanova,1,62
2017,32,Florida,4,65,Virginia,5,39
2017,32,Baylor,3,82,USC,11,78
2017,32,South Carolina,7,88,Duke,2,81
2017,16,Florida,4,84,Wisconsin,8,83
2017,16,South Carolina,7,70,Baylor,3,50
2017,8,South Carolina,7,77,Florida,4,70
2017,64,Gonzaga,1,66,South Dakota State,16,46
2017,64,Northwestern,8,68,Vanderbilt,9,66
2017,64,Notre Dame,5,60,Princeton,12,58
2017,64,West Virginia,4,86,Bucknell,13,80
2017,64,Xavier,11,76,Maryland,6,65
2017,64,Florida State,3,86,Florida Gulf Coast,14,80
2017,64,Saint Mary's,7,85,VCU,10,77
2017,64,Arizona,2,100,North Dakota,15,82
2017,32,Gonzaga,1,79,Northwestern,8,73
2017,32,West Virginia,4,83,Notre Dame,5,71
2017,32,Xavier,11,91,Florida State,3,66
2017,32,Arizona,2,69,Saint Mary's,7,60
2017,16,Gonzaga,1,61,West Virginia,4,58
2017,16,Xavier,11,73,Arizona,2,71
2017,8,Gonzaga,1,83,Xavier,11,59
2017,64,Kansas,1,100,UC Davis,16,62
2017,64,Michigan State,9,78,Miami (FL),8,58
2017,64,Iowa State,5,84,Nevada,12,73
2017,64,Purdue,4,80,Vermont,13,70
2017,64,Rhode Island,11,84,Creighton,6,72
2017,64,Oregon,3,93,Iona,14,77
2017,64,Michigan,7,92,Oklahoma State,10,91
2017,64,Louisville,2,78,Jacksonville State,15,63
2017,32,Kansas,1,90,Michigan State,9,70
2017,32,Purdue,4,80,Iowa State,5,76
2017,32,Oregon,3,75,Rhode Island,11,72
2017,32,Michigan,7,73,Louisville,2,69
2017,16,Kansas,1,98,Purdue,4,66
2017,16,Oregon,3,69,Michigan,7,68
2017,8,Oregon,3,74,Kansas,1,60
2017,64,North Carolina,1,103,Texas Southern,16,64
2017,64,Arkansas,8,77,Seton Hall,9,71
2017,64,Middle Tennessee,12,81,Minnesota,5,72
2017,64,Butler,4,76,Winthrop,13,64
2017,64,Cincinnati,6,75,Kansas State,11,61
2017,64,UCLA,3,97,Kent State,14,80
2017,64,Wichita State,10,64,Dayton,7,58
2017,64,Kentucky,2,79,Northern Kentucky,15,70
2017,32,North Carolina,1,72,Arkansas,8,65
2017,32,Butler,4,74,Middle Tennessee,12,65
2017,32,UCLA,3,79,Cincinnati,6,67
2017,32,Kentucky,2,65,Wichita State,10,62
2017,16,North Carolina,1,92,Butler,4,80
2017,16,Kentucky,2,86,UCLA,3,75
2017,8,North Carolina,1,75,Kentucky,2,73
2017,4,Gonzaga,1,77,South Carolina,7,73
2017,4,North Carolina,1,77,Oregon,3,76
2017,2,North Carolina,1,71,Gonzaga,1,65
